<application>
  <component name="FindSettings">
    <option name="customScope" value="All Places" />
    <option name="defaultScopeName" value="All Places" />
    <option name="SEARCH_SCOPE" value="All Places" />
    <mask>*.css</mask>
    <mask>*.html</mask>
    <mask>*.jsp</mask>
    <mask>*.properties</mask>
    <mask>*.java</mask>
    <mask>epoxy_*.xml</mask>
    <mask>*.xml</mask>
    <mask>*DialogFragment.kt</mask>
    <mask>*Preferences.kt</mask>
    <mask>*Interactor.kt</mask>
    <mask>*.kt</mask>
  </component>
</application>