<keymap version="1" name="Mac OS X 10.5+ copy" parent="Mac OS X 10.5+">
  <action id="Diff.FocusOppositePane" />
  <action id="Diff.FocusOppositePaneAndScroll" />
  <action id="EditorDeleteToWordStart">
    <keyboard-shortcut first-keystroke="alt back_space" />
    <keyboard-shortcut first-keystroke="ctrl back_space" />
  </action>
  <action id="EditorDownWithSelection">
    <keyboard-shortcut first-keystroke="shift down" />
    <keyboard-shortcut first-keystroke="shift ctrl n" />
  </action>
  <action id="EditorEscape">
    <keyboard-shortcut first-keystroke="escape" />
    <keyboard-shortcut first-keystroke="ctrl open_bracket" />
    <keyboard-shortcut first-keystroke="ctrl g" />
  </action>
  <action id="EditorLeftWithSelection">
    <keyboard-shortcut first-keystroke="shift left" />
    <keyboard-shortcut first-keystroke="shift ctrl b" />
  </action>
  <action id="EditorRightWithSelection">
    <keyboard-shortcut first-keystroke="shift right" />
    <keyboard-shortcut first-keystroke="shift ctrl f" />
  </action>
  <action id="EditorUpWithSelection">
    <keyboard-shortcut first-keystroke="shift up" />
    <keyboard-shortcut first-keystroke="shift ctrl p" />
  </action>
  <action id="ExpressionTypeInfo" />
  <action id="GotoTypeDeclaration">
    <keyboard-shortcut first-keystroke="shift meta b" />
    <mouse-shortcut keystroke="shift meta button1" />
    <mouse-shortcut keystroke="shift button2" />
  </action>
  <action id="IntroduceVariable">
    <keyboard-shortcut first-keystroke="meta alt v" />
    <keyboard-shortcut first-keystroke="ctrl meta v" />
  </action>
  <action id="MethodHierarchy">
    <keyboard-shortcut first-keystroke="shift meta h" />
    <keyboard-shortcut first-keystroke="ctrl h" />
  </action>
  <action id="NextTab">
    <keyboard-shortcut first-keystroke="shift meta close_bracket" />
    <keyboard-shortcut first-keystroke="ctrl right" />
    <keyboard-shortcut first-keystroke="ctrl tab" />
  </action>
  <action id="PreviousTab">
    <keyboard-shortcut first-keystroke="shift meta open_bracket" />
    <keyboard-shortcut first-keystroke="ctrl left" />
    <keyboard-shortcut first-keystroke="shift ctrl tab" />
  </action>
  <action id="RerunTests">
    <keyboard-shortcut first-keystroke="shift alt r" />
  </action>
  <action id="SelectNextOccurrence" />
  <action id="SwitchApply">
    <keyboard-shortcut first-keystroke="ctrl alt enter" />
  </action>
  <action id="SwitchDown">
    <keyboard-shortcut first-keystroke="ctrl alt down" />
  </action>
  <action id="SwitchLeft">
    <keyboard-shortcut first-keystroke="ctrl alt left" />
  </action>
  <action id="SwitchRight">
    <keyboard-shortcut first-keystroke="ctrl alt right" />
  </action>
  <action id="SwitchUp">
    <keyboard-shortcut first-keystroke="ctrl alt up" />
  </action>
  <action id="Switcher" />
  <action id="TypeHierarchy">
    <keyboard-shortcut first-keystroke="shift ctrl h" />
  </action>
  <action id="TypeHierarchyBase.BaseOnThisType">
    <keyboard-shortcut first-keystroke="shift ctrl h" />
  </action>
  <action id="android.deploy.ApplyChanges">
    <keyboard-shortcut first-keystroke="ctrl meta r" />
  </action>
  <action id="android.deploy.CodeSwap">
    <keyboard-shortcut first-keystroke="shift ctrl meta r" />
  </action>
</keymap>